Baby,Time,Length,Weight,Head Size,Note
Ellie Mae,"6/6/17, 2:04 PM",19.75 inches,5 lbs. 6 oz.,0 inches,5'6.5
Ellie Mae,"6/10/17, 12:00 PM",0 inches,4 lbs. 15 oz.,0 inches
Ellie Mae,"6/12/17, 1:00 PM",20.08 inches,5 lbs. 1 oz.,12.99 inches
Ellie Mae,"6/14/17, 11:00 AM",0 inches,5 lbs. 4 oz.,0 inches
Ellie Mae,"6/19/17, 12:17 PM",19.68 inches,5 lbs. 12 oz.,13.19 inches
Ellie Mae,"6/22/17, 12:15 PM",0 inches,6 lbs. 1 oz.,0 inches,6lbs .08 0z
Ellie Mae,"6/23/17, 7:24 PM",0 inches,6 lbs. 2 oz.,0 inches
Ellie Mae,"6/25/17, 6:14 PM",0 inches,6 lbs. 7 oz.,0 inches
Ellie Mae,"6/27/17, 10:23 AM",0 inches,6 lbs. 9 oz.,0 inches
Ellie Mae,"6/29/17, 9:54 AM",0 inches,6 lbs. 11 oz.,0 inches
Ellie Mae,"6/29/17, 12:24 PM",0 inches,6 lbs. 9 oz.,0 inches,Went up after feeding to by 1 oz to 6'10
Ellie Mae,"7/8/17, 10:16 AM",20.08 inches,7 lbs. 7 oz.,14.17 inches
Ellie Mae,"7/11/17, 1:00 PM",0 inches,8 lbs.,0 inches,After feeding with diaper
Ellie Mae,"7/18/17, 12:15 PM",0 inches,8 lbs. 10 oz.,0 inches,8'9.6 before and 8'12.7 after feeding
Ellie Mae,"7/21/17, 3:34 PM",0 inches,8 lbs. 15 oz.,0 inches,After eating and diaper change
Ellie Mae,"7/25/17, 12:08 PM",0 inches,9 lbs. 3 oz.,0 inches,9'2.7
Ellie Mae,"8/7/17, 10:34 AM",21.85 inches,10 lbs. 2 oz.,14.96 inches
Ellie Mae,"8/10/17, 10:14 AM",0 inches,10 lbs. 10 oz.,0 inches,Clothes and diaper
Ellie Mae,"8/22/17, 7:47 AM",22.05 inches,11 lbs. 7 oz.,0 inches,With onesie and diaper
